Código;Categoría;Servicio;Descripción;Valor CLP
LUB-001;Lubricentro;Cambio de aceite de motor y filtro;Reemplazo del aceite de motor y del filtro según especificación del vehículo;
LUB-002;Lubricentro;Cambio de filtro de aire del motor;Reemplazo del filtro de admisión de aire del motor;
LUB-003;Lubricentro;Cambio de filtro de combustible;Reemplazo del filtro de combustible;
LUB-004;Lubricentro;Cambio de filtro de habitáculo;Reemplazo del filtro de polen o aire de cabina;
LUB-005;Lubricentro;Cambio de aceite de caja manual;Reemplazo del lubricante de la transmisión manual según especificación del fabricante;
LUB-006;Lubricentro;Mantención de transmisión automática;Servicio de fluido y filtro cuando corresponda según tipo de transmisión y procedimiento del fabricante;
LUB-007;Lubricentro;Cambio de aceite de diferencial;Reemplazo del lubricante del diferencial;
LUB-008;Lubricentro;Cambio de aceite de caja de transferencia;Reemplazo del lubricante de la caja de transferencia en vehículos compatibles;
LUB-009;Lubricentro;Engrase de componentes;Lubricación de puntos de engrase habilitados por el fabricante;
MAN-001;Mantención preventiva;Mantención por kilometraje;Servicio de mantención según kilometraje y pauta del fabricante;
MAN-002;Mantención preventiva;Inspección general del vehículo;Revisión visual y funcional de los principales sistemas del vehículo;
MAN-003;Mantención preventiva;Revisión previa a viaje;Inspección de niveles y elementos de seguridad antes de un viaje;
MAN-004;Mantención preventiva;Revisión previa a revisión técnica;Inspección preventiva de los elementos evaluados en la revisión técnica;
MAN-005;Mantención preventiva;Cambio de plumillas;Reemplazo de plumillas del limpiaparabrisas;
DIA-001;Diagnóstico;Diagnóstico con scanner automotriz;Lectura de códigos de falla y parámetros electrónicos con informe de hallazgos;
DIA-002;Diagnóstico;Diagnóstico de fallas de motor;Evaluación de problemas de funcionamiento del motor;
DIA-003;Diagnóstico;Diagnóstico de ruidos y vibraciones;Inspección para identificar el origen de ruidos o vibraciones;
DIA-004;Diagnóstico;Revisión de fugas de fluidos;Inspección para localizar pérdidas de aceite u otros fluidos;
FRE-001;Frenos;Inspección del sistema de frenos;Revisión de desgaste y estado de los componentes del sistema de frenos;
FRE-002;Frenos;Cambio de pastillas de freno;Reemplazo de pastillas y revisión de sus componentes asociados;
FRE-003;Frenos;Cambio de discos de freno;Reemplazo de discos de freno;
FRE-004;Frenos;Cambio de balatas de freno;Reemplazo de balatas en frenos de tambor;
FRE-005;Frenos;Mantención de frenos de tambor;Limpieza e inspección del conjunto y regulación cuando corresponda;
FRE-006;Frenos;Cambio de líquido de frenos y purgado;Renovación del líquido de frenos y purgado del circuito;
FRE-007;Frenos;Mantención de cálipers;Inspección y servicio de cálipers y guías según diagnóstico;
FRE-008;Frenos;Revisión y ajuste de freno de estacionamiento;Inspección y ajuste del mecanismo cuando corresponda;
SUS-001;Suspensión y dirección;Inspección de suspensión y dirección;Revisión de holguras y estado de los componentes;
SUS-002;Suspensión y dirección;Cambio de amortiguadores;Reemplazo de amortiguadores y revisión de soportes;
SUS-003;Suspensión y dirección;Cambio de cazoletas;Reemplazo de soportes superiores de amortiguadores;
SUS-004;Suspensión y dirección;Cambio de bandejas y bujes;Reemplazo de brazos de suspensión o sus bujes según diagnóstico;
SUS-005;Suspensión y dirección;Cambio de rótulas;Reemplazo de rótulas de suspensión;
SUS-006;Suspensión y dirección;Cambio de terminales y axiales de dirección;Reemplazo de articulaciones de dirección según diagnóstico;
SUS-007;Suspensión y dirección;Cambio de bieletas y bujes de barra estabilizadora;Reemplazo de componentes de la barra estabilizadora;
SUS-008;Suspensión y dirección;Cambio de rodamientos de rueda;Reemplazo de rodamientos o mazas según diseño del vehículo;
NEU-001;Neumáticos;Montaje y cambio de neumáticos;Desmontaje y montaje de neumáticos;
NEU-002;Neumáticos;Balanceo de ruedas;Corrección del desequilibrio de los conjuntos de rueda y neumático;
NEU-003;Neumáticos;Alineación de dirección;Medición y ajuste de la geometría según especificaciones del vehículo;
NEU-004;Neumáticos;Rotación de neumáticos;Cambio de posición según tipo de neumático y pauta del vehículo;
NEU-005;Neumáticos;Reparación de pinchazos;Evaluación y reparación de neumáticos cuando el daño sea reparable;
MOT-001;Motor;Cambio de bujías;Reemplazo de bujías de encendido;
MOT-002;Motor;Cambio de bobinas de encendido;Reemplazo de bobinas según diagnóstico;
MOT-003;Motor;Limpieza de cuerpo de aceleración;Limpieza y adaptación electrónica cuando corresponda;
MOT-004;Motor;Servicio de inyectores;Evaluación y limpieza de inyectores según tipo de sistema;
MOT-005;Motor;Cambio de correa de accesorios;Reemplazo de correa y revisión de tensores y poleas;
MOT-006;Motor;Cambio de kit de distribución;Reemplazo de componentes de distribución según configuración y pauta del fabricante;
MOT-007;Motor;Cambio de soportes de motor y caja;Reemplazo de soportes deteriorados según diagnóstico;
REF-001;Refrigeración;Inspección del sistema de refrigeración;Revisión de estanqueidad y funcionamiento del sistema;
REF-002;Refrigeración;Cambio de líquido refrigerante;Renovación del refrigerante y purgado según procedimiento del fabricante;
REF-003;Refrigeración;Cambio de termostato;Reemplazo del termostato del sistema de refrigeración;
REF-004;Refrigeración;Cambio de bomba de agua;Reemplazo de bomba de agua y revisión de componentes asociados;
REF-005;Refrigeración;Cambio de radiador y mangueras;Reemplazo de componentes del circuito según diagnóstico;
ELE-001;Electricidad y batería;Prueba de batería y sistema de carga;Evaluación de batería y funcionamiento del sistema de carga;
ELE-002;Electricidad y batería;Cambio de batería;Reemplazo de batería y registro electrónico cuando corresponda;
ELE-003;Electricidad y batería;Diagnóstico de sistema de arranque;Evaluación del circuito y motor de arranque;
ELE-004;Electricidad y batería;Cambio de alternador;Reemplazo de alternador según diagnóstico;
ELE-005;Electricidad y batería;Cambio de motor de arranque;Reemplazo de motor de arranque según diagnóstico;
ELE-006;Electricidad y batería;Revisión y cambio de luces;Verificación del alumbrado y reemplazo de ampolletas compatibles;
TRA-001;Embrague y transmisión;Cambio de kit de embrague;Reemplazo del conjunto de embrague y revisión de componentes asociados;
TRA-002;Embrague y transmisión;Cambio de homocinéticas y fuelles;Reemplazo de juntas homocinéticas o fuelles según diagnóstico;
TRA-003;Embrague y transmisión;Revisión del sistema hidráulico de embrague;Inspección del circuito y evaluación de fallas de accionamiento;
